x_train,y_train
-1.45028,2.30041
3.64562,-1.23030
6.93331,2.30570
6.73885,2.15870
-6.00788,2.57928
-0.80643,1.98453
-3.63433,2.45236
6.01422,0.40298
2.85995,-1.38041
5.87071,0.99465
-1.42453,1.97874
-3.48189,2.27400
6.52945,1.81237
-4.25889,2.68819
5.66929,-0.17304
5.37593,0.05907
7.46748,2.39387
8.64434,2.34420
2.99249,-1.15490
-1.31418,1.74417
3.58314,-1.62600
-9.80973,-0.07856
-3.35503,3.44081
9.79130,1.43634
-0.09716,1.74268
